{
  "IsEncrypted": false,
  "Values": {
    "WEBSITE_SLOT_NAME": "Production",
    "FUNCTIONS_EXTENSION_VERSION": "~4",
    "Website_Use_Zip": "1",
    "WEBSITE_AUTH_ENABLED": "False",
    "timeInterval": "5",
    "apiUsername": "pacfc3nn",
    "APPLICATIONINSIGHTS_CONNECTION_STRING": "InstrumentationKey=3e35e7a3-97da-4246-8cb4-771dc00f2454;IngestionEndpoint=https://eastus2-3.in.applicationinsights.azure.com/;LiveEndpoint=https://eastus2.livediagnostics.monitor.azure.com/;ApplicationId=d36e705d-083d-48d1-99a1-a8bab3b4a448",
    "APPINSIGHTS_INSTRUMENTATIONKEY": "3e35e7a3-97da-4246-8cb4-771dc00f2454",
    "uri": "https://qualysapi.qg3.apps.qualys.com",
    "workspaceID": "60c37235-069c-4c8f-8263-7f97a4a795a7",
    "WEBSITE_CONTENTAZUREFILECONNECTIONSTRING": "DefaultEndpointsProtocol=https;AccountName=stacdyreu2d01;AccountKey=KOaBL6an8sIPqfQ44+Mb21chAAZDO+UwEXnT3agtcbU0u7I99V5dK3gWGC5isTw7p/W0Ral/yggn+ASt9+wNbA==;EndpointSuffix=core.windows.net",
    "ScmType": "None",
    "WEBSITE_CONTENTSHARE": "funcdyreu2d01a7c8",
    "apiPassword": "@Testintegracion1*",
    "logAnalyticsUri": "",
    "workspaceKey": "O4C9b5RhGamxuHIdsWCoTJokRY92LfUenWk+4kVX9GvcNIn6cy916OYs+T90HRcYlK7Qmn+wgWgULwsV8glg1A==",
    "AzureWebJobsStorage": "DefaultEndpointsProtocol=https;AccountName=stacdyreu2d01;AccountKey=KOaBL6an8sIPqfQ44+Mb21chAAZDO+UwEXnT3agtcbU0u7I99V5dK3gWGC5isTw7p/W0Ral/yggn+ASt9+wNbA==;EndpointSuffix=core.windows.net",
    "filterParameters": "",
    "FUNCTIONS_WORKER_RUNTIME": "dotnet",
    "WEBSITE_SITE_NAME": "funcdyreu2d01"
  }
}